runtime,instance,async,image,sql,setting,load,entity_count,start_time,stop_time,time,success_line,statistics,group,note
1743020014,1,1,wikibase/wikibase:1.39.1-wmde.11,mariadb:10.9,default,wbeditentity-FullishItems,2000,1743020048,1743021112,1064,4008,{}
1743021207,2,5,wikibase/wikibase:1.39.1-wmde.11,mariadb:10.9,default,wbeditentity-FullishItems,2000,1743021239,1743021456,217,6014,{}
1743021474,2,60,wikibase/wikibase:1.39.1-wmde.11,mariadb:10.9,default,wbeditentity-FullishItems,2000,1743021509,1743021543,34,8020,{}
1743021639,2,60,wikibase/wikibase:1.39.1-wmde.11,mariadb:10.9,default,wbeditentity-FullishItems,2000,1743021673,1743021705,32,10026,{}
1743021790,2,60,wikibase/wikibase:1.39.1-wmde.11,mariadb:10.9,default,wbeditentity-FullishItems,2000,1743021824,1743021855,31,12032,{}
1743021880,1,60,wikibase/wikibase:1.39.1-wmde.11,mariadb:10.9,default,wbeditentity-FullishItems,2000,1743021914,1743021947,33,14038,{}
1743022322,1,60,wikibase/wikibase:1.39.1-wmde.11,mariadb:10.9,default,wbeditentity-FullishItems,2000,1743022357,1743022386,29,22062,{}
1743025222,1,60,wikibase/wikibase:1.39.1-wmde.11,mariadb:10.9,default,wbeditentity-FullishItems,2000,1743025256,1743025285,29,success,{}
1743025509,1,60,wikibase/wikibase:1.39.1-wmde.11,mariadb:10.9,default,wbeditentity-FullishItems,2000,1743025543,1743025571,28,success,{}
# Comparing DB versions (2000)
1743025750,1,60,wikibase/wikibase:1.39.1-wmde.11,mariadb:10.9,lightweight,wbeditentity-FullishItems,2000,1743025784,1743025800,16,success,{}
1743025996,1,60,wikibase/wikibase:1.39.1-wmde.11,mariadb:10.9,lightweight,wbeditentity-FullishItems,2000,1743026030,1743026045,15,success,{}
1743026142,1,60,wikibase/wikibase:1.39.1-wmde.11,mariadb:10.9,lightweight,wbeditentity-FullishItems,2000,1743026178,1743026193,15,success,{}
1743026571,1,60,wikibase/wikibase:1.39.1-wmde.11,mariadb:10.9,lightweight,wbeditentity-FullishItems,2000,1743026605,1743026622,17,success,{}
1743028132,1,60,wikibase/wikibase:1.39.1-wmde.11,mariadb:11.7,lightweight,wbeditentity-FullishItems,2000,1743028166,1743028180,14,2006,{}
1743028206,1,60,wikibase/wikibase:1.39.1-wmde.11,mariadb:11.7,lightweight,wbeditentity-FullishItems,2000,1743028241,1743028255,14,2006,{}
1743028356,1,60,wikibase/wikibase:1.39.1-wmde.11,mariadb:11.7,lightweight,wbeditentity-FullishItems,2000,1743028393,1743028410,17,2006,{}
1743028437,1,60,wikibase/wikibase:1.39.1-wmde.11,mariadb:11.7,lightweight,wbeditentity-FullishItems,2000,1743028475,1743028489,14,2006,{}
1743028520,1,60,wikibase/wikibase:1.39.1-wmde.11,mariadb:11.7,lightweight,wbeditentity-FullishItems,2000,1743028556,1743028573,17,2006,{}
# Lightweight settings vs just id settings (5000)
1743028683,1,60,wikibase/wikibase:1.39.1-wmde.11,mariadb:11.7,lightweight,wbeditentity-FullishItems,5000,1743028719,1743028763,44,5006,{}
1743028800,1,60,wikibase/wikibase:1.39.1-wmde.11,mariadb:11.7,lightweight,wbeditentity-FullishItems,5000,1743028837,1743028883,46,5006,{}
1743028965,1,60,wikibase/wikibase:1.39.1-wmde.11,mariadb:11.7,lightweight,wbeditentity-FullishItems,5000,1743029002,1743029046,44,5006,{}
1743100430,1,60,wikibase/wikibase:1.39.1-wmde.11,mariadb:11.7,lightweight,wbeditentity-FullishItems,5000,1743100469,1743100514,45,5006,{}
1743100879,1,60,wikibase/wikibase:1.39.1-wmde.11,mariadb:11.7,wbOwnIdConnection,wbeditentity-FullishItems,5000,1743100918,1743100963,45,5006,{}
1743101242,1,60,wikibase/wikibase:1.39.1-wmde.11,mariadb:11.7,wbOwnIdConnection,wbeditentity-FullishItems,5000,1743101279,1743101323,44,5006,{}
1743101381,1,60,wikibase/wikibase:1.39.1-wmde.11,mariadb:11.7,wbOwnIdConnection,wbeditentity-FullishItems,5000,1743101419,1743101465,46,5006,{}
1743101550,1,60,wikibase/wikibase:1.39.1-wmde.11,mariadb:11.7,wbOwnIdConnection,wbeditentity-FullishItems,5000,1743101589,1743101640,51,5006,{}
1743101861,1,60,wikibase/wikibase:1.39.1-wmde.11,mariadb:11.7,wbOwnIdConnection,wbeditentity-FullishItems,5000,1743101901,1743101948,47,5006,{}
1743102021,1,100,wikibase/wikibase:1.39.1-wmde.11,mariadb:11.7,wbOwnIdConnection,wbeditentity-FullishItems,5000,1743102059,1743102106,47,5006,{}
1743102154,1,10,wikibase/wikibase:1.39.1-wmde.11,mariadb:11.7,wbOwnIdConnection,wbeditentity-FullishItems,5000,1743102188,1743102476,288,5006,{}
1743102493,1,30,wikibase/wikibase:1.39.1-wmde.11,mariadb:11.7,wbOwnIdConnection,wbeditentity-FullishItems,5000,1743102528,1743102590,62,5006,{}
1743102607,1,60,wikibase/wikibase:1.39.1-wmde.11,mariadb:11.7,wbOwnIdConnection,wbeditentity-FullishItems,5000,1743102642,1743102688,46,5006,{}
1743102706,1,100,wikibase/wikibase:1.39.1-wmde.11,mariadb:11.7,wbOwnIdConnection,wbeditentity-FullishItems,5000,1743102741,1743102788,47,5006,{}
# Fast import API different batches
1743102930,1,60,wikibase/wikibase:1.39.1-wmde.11,mariadb:11.7,wbOwnIdConnection,wbfastimport-FullishItems,5000,1743102962,1743103011,49,5006,{},1
1743103054,1,60,wikibase/wikibase:1.39.1-wmde.11,mariadb:11.7,wbOwnIdConnection,wbfastimport-FullishItems,5000,1743103083,1743103132,49,5006,{},1
1743103162,1,60,wikibase/wikibase:1.39.1-wmde.11,mariadb:11.7,wbOwnIdConnection,wbfastimport-FullishItems,5000,1743103192,1743103242,50,5006,{},1
1743103648,1,60,wikibase/wikibase:1.39.1-wmde.11,mariadb:11.7,wbOwnIdConnection,wbfastimport-FullishItems,5000,1743103680,1743103710,30,5006,{},2
1743103741,1,60,wikibase/wikibase:1.39.1-wmde.11,mariadb:11.7,wbOwnIdConnection,wbfastimport-FullishItems,5000,1743103770,1743103804,34,5006,{},2
1743104333,1,60,wikibase/wikibase:1.39.1-wmde.11,mariadb:11.7,wbOwnIdConnection,wbfastimport-FullishItems,5000,1743104364,1743104397,33,5006,{},2
1743104437,1,60,wikibase/wikibase:1.39.1-wmde.11,mariadb:11.7,wbOwnIdConnection,wbfastimport-FullishItems,5000,1743104471,1743104495,24,5006,{},5
1743149573,1,60,wikibase/wikibase:1.39.1-wmde.11,mariadb:11.7,wbOwnIdConnection,wbfastimport-FullishItems,5000,1743149601,1743149620,19,5006,{},10,
1743149727,1,60,wikibase/wikibase:1.39.1-wmde.11,mariadb:11.7,wbOwnIdConnection,wbfastimport-FullishItems,5000,1743149754,1743149774,20,5006,{},10,
1743150328,1,60,wikibase/wikibase:1.39.1-wmde.11,mariadb:11.7,wbOwnIdConnection,wbfastimport-FullishItems,5000,1743150358,1743150377,19,5007,{},10,
1743150407,1,60,wikibase/wikibase:1.39.1-wmde.11,mariadb:11.7,wbOwnIdConnection,wbfastimport-FullishItems,5000,1743150438,1743150455,17,5007,{},10,
1743150487,1,60,wikibase/wikibase:1.39.1-wmde.11,mariadb:11.7,wbOwnIdConnection,wbfastimport-FullishItems,5000,1743150519,1743150532,13,5007,{},25,
1743150579,1,60,wikibase/wikibase:1.39.1-wmde.11,mariadb:11.7,wbOwnIdConnection,wbfastimport-FullishItems,5000,1743150609,1743150626,17,5007,{},25,
1743150851,1,60,wikibase/wikibase:1.39.1-wmde.11,mariadb:11.7,wbOwnIdConnection,wbfastimport-FullishItems,5000,1743150883,1743150896,13,5007,{},50,
1743150983,1,60,wikibase/wikibase:1.39.1-wmde.11,mariadb:11.7,wbOwnIdConnection,wbfastimport-FullishItems,5000,1743151014,1743151027,13,5007,{},50,
1743151546,1,60,wikibase/wikibase:1.39.1-wmde.11,mariadb:11.7,wbOwnIdConnection,wbfastimport-FullishItems,5000,1743151578,1743151595,17,5007,{},50,
1743151848,1,1,wikibase/wikibase:1.39.1-wmde.11,mariadb:11.7,wbOwnIdConnection,wbfastimport-FullishItems,5000,1743151882,1743151933,51,5007,{},50,
1743151952,1,1,wikibase/wikibase:1.39.1-wmde.11,mariadb:11.7,wbOwnIdConnection,wbfastimport-FullishItems,5000,1743151982,1743152035,53,5007,{},50,
1743152067,1,1,wikibase/wikibase:1.39.1-wmde.11,mariadb:11.7,wbOwnIdConnection,wbfastimport-FullishItems,5000,1743152099,1743152152,53,5007,{},50,
1743152174,1,5,wikibase/wikibase:1.39.1-wmde.11,mariadb:11.7,wbOwnIdConnection,wbfastimport-FullishItems,5000,1743152205,1743152223,18,5007,{},50,
1743152236,1,10,wikibase/wikibase:1.39.1-wmde.11,mariadb:11.7,wbOwnIdConnection,wbfastimport-FullishItems,5000,1743152266,1743152282,16,5007,{},50,
1743152313,1,5,wikibase/wikibase:1.39.1-wmde.11,mariadb:11.7,wbOwnIdConnection,wbfastimport-FullishItems,5000,1743152343,1743152360,17,5007,{},50,
# Upgrading up through the MW versions
1743152373,1,10,wikibase/wikibase:1.39.1-wmde.11,mariadb:11.7,wbOwnIdConnection,wbfastimport-FullishItems,5000,1743152403,1743152416,13,5007,{},50,
1743153143,1,10,wikibase/wikibase:1.40.3-wmde.19,mariadb:11.7,wbOwnIdConnection,wbfastimport-FullishItems,5000,1743153175,1743153192,17,5007,{},50,
1743153482,1,10,wikibase/wikibase:1.41.1-wmde.20,mariadb:11.7,wbOwnIdConnection,wbfastimport-FullishItems,5000,1743153513,1743153527,14,5007,{},50,
1743153621,1,10,wikibase/wikibase:mw1.42.5,mariadb:11.7,wbOwnIdConnection,wbfastimport-FullishItems,5000,1743153646,1743153660,14,5007,{},50,
1743153808,1,10,wikibase/wikibase:mw1.43.0,mariadb:11.7,wbOwnIdConnection,wbfastimport-FullishItems,5000,1743153833,1743153845,12,5007,{},50,
1743154147,1,10,wikibase/wikibase:mw1.43.0,mariadb:11.7,wbOwnIdConnection,wbfastimport-FullishItems,5000,1743154173,1743154188,15,5007,{},50,
# Comparing the REST vs action API for item by item
1743156891,1,60,wikibase/wikibase:mw1.43.0,mariadb:11.7,wbOwnIdConnection,wbeditentity-FullishItems,5000,1743156928,1743156969,41,5006,{},1,
1743156982,1,60,wikibase/wikibase:mw1.43.0,mariadb:11.7,wbOwnIdConnection,rest-FullishItems,5000,1743157007,1743157057,50,5006,{},1,
1743157212,1,1,wikibase/wikibase:mw1.43.0,mariadb:11.7,wbOwnIdConnection,wbeditentity-FullishItems,5000,1743157238,1743159914,2676,5006,{},1,
1743159926,1,1,wikibase/wikibase:mw1.43.0,mariadb:11.7,wbOwnIdConnection,rest-FullishItems,5000,1743159952,1743162639,2687,5006,{},1,
1743162652,1,10,wikibase/wikibase:mw1.43.0,mariadb:11.7,wbOwnIdConnection,wbeditentity-FullishItems,5000,1743162678,1743162969,291,5006,{},1,
1743162982,1,10,wikibase/wikibase:mw1.43.0,mariadb:11.7,wbOwnIdConnection,rest-FullishItems,5000,1743163008,1743163308,300,5006,{},1,
1743163321,1,60,wikibase/wikibase:mw1.43.0,mariadb:11.7,wbOwnIdConnection,wbeditentity-FullishItems,5000,1743163347,1743163396,49,5006,{},1,
1743163411,1,60,wikibase/wikibase:mw1.43.0,mariadb:11.7,wbOwnIdConnection,rest-FullishItems,5000,1743163435,1743163498,63,5006,{},1,
1743166021,1,30,wikibase/wikibase:mw1.43.0,mariadb:11.7,wbOwnIdConnection,wbeditentity-FullishItems,5000,1743166055,1743166117,62,5006,{},1,
1743166133,1,30,wikibase/wikibase:mw1.43.0,mariadb:11.7,wbOwnIdConnection,rest-FullishItems,5000,1743166157,1743166238,81,5006,{},1,
1743166251,1,60,wikibase/wikibase:mw1.43.0,mariadb:11.7,wbOwnIdConnection,wbeditentity-FullishItems,5000,1743166278,1743166339,61,5006,{},1,
1743166352,1,60,wikibase/wikibase:mw1.43.0,mariadb:11.7,wbOwnIdConnection,rest-FullishItems,5000,1743166379,1743166450,71,5006,{},1,
1743166463,1,100,wikibase/wikibase:mw1.43.0,mariadb:11.7,wbOwnIdConnection,wbeditentity-FullishItems,5000,1743166490,1743166549,59,5006,{},1,
1743166562,1,100,wikibase/wikibase:mw1.43.0,mariadb:11.7,wbOwnIdConnection,rest-FullishItems,5000,1743166588,1743166658,70,5006,{},1,
1743166671,1,30,wikibase/wikibase:mw1.43.0,mariadb:11.7,wbOwnIdConnection,wbeditentity-FullishItems,5000,1743166698,1743166763,65,5006,{},1,
1743166776,1,30,wikibase/wikibase:mw1.43.0,mariadb:11.7,wbOwnIdConnection,rest-FullishItems,5000,1743166802,1743166880,78,5006,{},1,
1743166895,1,60,wikibase/wikibase:mw1.43.0,mariadb:11.7,wbOwnIdConnection,wbeditentity-FullishItems,5000,1743166923,1743166976,53,5006,{},1,
1743166989,1,60,wikibase/wikibase:mw1.43.0,mariadb:11.7,wbOwnIdConnection,rest-FullishItems,5000,1743167015,1743167077,62,5006,{},1,
1743167090,1,100,wikibase/wikibase:mw1.43.0,mariadb:11.7,wbOwnIdConnection,wbeditentity-FullishItems,5000,1743167116,1743167168,52,5006,{},1,
1743167181,1,100,wikibase/wikibase:mw1.43.0,mariadb:11.7,wbOwnIdConnection,rest-FullishItems,5000,1743167207,1743167271,64,5006,{},1,
1743167673,1,30,wikibase/wikibase:mw1.43.0,mariadb:11.7,wbOwnIdConnection,wbeditentity-FullishItems,5000,1743167700,1743167764,64,5006,{},1,
1743167777,1,30,wikibase/wikibase:mw1.43.0,mariadb:11.7,wbOwnIdConnection,rest-FullishItems,5000,1743167805,1743167883,78,5006,{},1,
1743167898,1,60,wikibase/wikibase:mw1.43.0,mariadb:11.7,wbOwnIdConnection,wbeditentity-FullishItems,5000,1743167925,1743167978,53,5006,{},1,
1743167993,1,60,wikibase/wikibase:mw1.43.0,mariadb:11.7,wbOwnIdConnection,rest-FullishItems,5000,1743168017,1743168081,64,5006,{},1,
1743168097,1,100,wikibase/wikibase:mw1.43.0,mariadb:11.7,wbOwnIdConnection,wbeditentity-FullishItems,5000,1743168120,1743168172,52,5006,{},1,
1743168185,1,100,wikibase/wikibase:mw1.43.0,mariadb:11.7,wbOwnIdConnection,rest-FullishItems,5000,1743168211,1743168271,60,5006,{},1,
1743168284,1,30,wikibase/wikibase:mw1.43.0,mariadb:11.7,wbOwnIdConnection,wbeditentity-FullishItems,5000,1743168311,1743168373,62,5006,{},1,
1743168386,1,30,wikibase/wikibase:mw1.43.0,mariadb:11.7,wbOwnIdConnection,rest-FullishItems,5000,1743168412,1743168489,77,5006,{},1,
1743168502,1,60,wikibase/wikibase:mw1.43.0,mariadb:11.7,wbOwnIdConnection,wbeditentity-FullishItems,5000,1743168528,1743168579,51,5006,{},1,
1743168592,1,60,wikibase/wikibase:mw1.43.0,mariadb:11.7,wbOwnIdConnection,rest-FullishItems,5000,1743168619,1743168681,62,5006,{},1,
1743168694,1,100,wikibase/wikibase:mw1.43.0,mariadb:11.7,wbOwnIdConnection,wbeditentity-FullishItems,5000,1743168720,1743168768,48,5006,{},1,
1743168783,1,100,wikibase/wikibase:mw1.43.0,mariadb:11.7,wbOwnIdConnection,rest-FullishItems,5000,1743168807,1743168871,64,5006,{},1,
# Reworked waiting between async job counting. Testing action vs rest in latest version
1743169654,1,30,wikibase/wikibase:mw1.43.0,mariadb:11.7,wbOwnIdConnection,wbeditentity-FullishItems,5000,1743169681,1743169732,51,5006,{},1,
1743169747,1,30,wikibase/wikibase:mw1.43.0,mariadb:11.7,wbOwnIdConnection,rest-FullishItems,5000,1743169771,1743169828,57,5006,{},1,
1743169841,1,60,wikibase/wikibase:mw1.43.0,mariadb:11.7,wbOwnIdConnection,wbeditentity-FullishItems,5000,1743169867,1743169922,55,5006,{},1,
1743169934,1,60,wikibase/wikibase:mw1.43.0,mariadb:11.7,wbOwnIdConnection,rest-FullishItems,5000,1743169962,1743170016,54,5006,{},1,
1743170031,1,100,wikibase/wikibase:mw1.43.0,mariadb:11.7,wbOwnIdConnection,wbeditentity-FullishItems,5000,1743170057,1743170110,53,5006,{},1,
1743170122,1,100,wikibase/wikibase:mw1.43.0,mariadb:11.7,wbOwnIdConnection,rest-FullishItems,5000,1743170148,1743170205,57,5006,{},1,
1743170218,1,30,wikibase/wikibase:mw1.43.0,mariadb:11.7,wbOwnIdConnection,wbeditentity-FullishItems,5000,1743170244,1743170298,54,5006,{},1,
1743170311,1,30,wikibase/wikibase:mw1.43.0,mariadb:11.7,wbOwnIdConnection,rest-FullishItems,5000,1743170337,1743170395,58,5006,{},1,
1743170410,1,60,wikibase/wikibase:mw1.43.0,mariadb:11.7,wbOwnIdConnection,wbeditentity-FullishItems,5000,1743170436,1743170489,53,5006,{},1,
1743170504,1,60,wikibase/wikibase:mw1.43.0,mariadb:11.7,wbOwnIdConnection,rest-FullishItems,5000,1743170528,1743170584,56,5006,{},1,
1743170597,1,100,wikibase/wikibase:mw1.43.0,mariadb:11.7,wbOwnIdConnection,wbeditentity-FullishItems,5000,1743170623,1743170677,54,5006,{},1,
1743170690,1,100,wikibase/wikibase:mw1.43.0,mariadb:11.7,wbOwnIdConnection,rest-FullishItems,5000,1743170716,1743170770,54,5006,{},1,
1743170784,1,30,wikibase/wikibase:mw1.43.0,mariadb:11.7,wbOwnIdConnection,wbeditentity-FullishItems,5000,1743170808,1743170861,53,5006,{},1,
1743170874,1,30,wikibase/wikibase:mw1.43.0,mariadb:11.7,wbOwnIdConnection,rest-FullishItems,5000,1743170900,1743170957,57,5006,{},1,
1743170970,1,60,wikibase/wikibase:mw1.43.0,mariadb:11.7,wbOwnIdConnection,wbeditentity-FullishItems,5000,1743170996,1743171048,52,5006,{},1,
1743171063,1,60,wikibase/wikibase:mw1.43.0,mariadb:11.7,wbOwnIdConnection,rest-FullishItems,5000,1743171087,1743171143,56,5006,{},1,
1743171156,1,100,wikibase/wikibase:mw1.43.0,mariadb:11.7,wbOwnIdConnection,wbeditentity-FullishItems,5000,1743171182,1743171238,56,5006,{},1,
1743171251,1,100,wikibase/wikibase:mw1.43.0,mariadb:11.7,wbOwnIdConnection,rest-FullishItems,5000,1743171277,1743171333,56,5006,{},1,
# Comparing wikibase versions with aciton API (normal and fast)
1743171980,1,30,wikibase/wikibase:1.39.1-wmde.11,mariadb:11.7,wbOwnIdConnection,wbeditentity-FullishItems,5000,1743172027,1743172075,48,5006,{},1,
1743172088,1,30,wikibase/wikibase:1.39.1-wmde.11,mariadb:11.7,wbOwnIdConnection,wbfastimport-FullishItems,5000,1743172122,1743172182,60,5006,{},1,
1743172197,1,30,wikibase/wikibase:1.40.3-wmde.19,mariadb:11.7,wbOwnIdConnection,wbeditentity-FullishItems,5000,1743172229,1743172276,47,5006,{},1,
1743172288,1,30,wikibase/wikibase:1.40.3-wmde.19,mariadb:11.7,wbOwnIdConnection,wbfastimport-FullishItems,5000,1743172321,1743172381,60,5006,{},1,
1743172393,1,30,wikibase/wikibase:1.41.1-wmde.20,mariadb:11.7,wbOwnIdConnection,wbeditentity-FullishItems,5000,1743172426,1743172476,50,5006,{},1,
1743172489,1,30,wikibase/wikibase:1.41.1-wmde.20,mariadb:11.7,wbOwnIdConnection,wbfastimport-FullishItems,5000,1743172520,1743172579,59,5006,{},1,
1743172592,1,30,wikibase/wikibase:mw1.42.5,mariadb:11.7,wbOwnIdConnection,wbeditentity-FullishItems,5000,1743172617,1743172666,49,5006,{},1,
1743172681,1,30,wikibase/wikibase:mw1.42.5,mariadb:11.7,wbOwnIdConnection,wbfastimport-FullishItems,5000,1743172704,1743172767,63,5006,{},1,
1743172782,1,30,wikibase/wikibase:mw1.43.0,mariadb:11.7,wbOwnIdConnection,wbeditentity-FullishItems,5000,1743172806,1743172856,50,5006,{},1,
1743172869,1,30,wikibase/wikibase:mw1.43.0,mariadb:11.7,wbOwnIdConnection,wbfastimport-FullishItems,5000,1743172895,1743172952,57,5006,{},1,
#cont.. just normal...
1743173013,1,30,wikibase/wikibase:1.39.1-wmde.11,mariadb:11.7,wbOwnIdConnection,wbeditentity-FullishItems,5000,1743173047,1743173094,47,5006,{},1,
1743173107,1,30,wikibase/wikibase:1.40.3-wmde.19,mariadb:11.7,wbOwnIdConnection,wbeditentity-FullishItems,5000,1743173139,1743173185,46,5006,{},1,
1743173200,1,30,wikibase/wikibase:1.41.1-wmde.20,mariadb:11.7,wbOwnIdConnection,wbeditentity-FullishItems,5000,1743173233,1743173281,48,5006,{},1,
1743173294,1,30,wikibase/wikibase:mw1.42.5,mariadb:11.7,wbOwnIdConnection,wbeditentity-FullishItems,5000,1743173320,1743173372,52,5006,{},1,
1743173384,1,30,wikibase/wikibase:mw1.43.0,mariadb:11.7,wbOwnIdConnection,wbeditentity-FullishItems,5000,1743173411,1743173458,47,5006,{},1,
1743173473,1,60,wikibase/wikibase:1.39.1-wmde.11,mariadb:11.7,wbOwnIdConnection,wbeditentity-FullishItems,5000,1743173503,1743173552,49,5006,{},1,
1743173565,1,60,wikibase/wikibase:1.40.3-wmde.19,mariadb:11.7,wbOwnIdConnection,wbeditentity-FullishItems,5000,1743173599,1743173647,48,5006,{},1,
1743173659,1,60,wikibase/wikibase:1.41.1-wmde.20,mariadb:11.7,wbOwnIdConnection,wbeditentity-FullishItems,5000,1743173691,1743173742,51,5006,{},1,
1743173757,1,60,wikibase/wikibase:mw1.42.5,mariadb:11.7,wbOwnIdConnection,wbeditentity-FullishItems,5000,1743173785,1743173834,49,5006,{},1,
1743173847,1,60,wikibase/wikibase:mw1.43.0,mariadb:11.7,wbOwnIdConnection,wbeditentity-FullishItems,5000,1743173874,1743173930,56,5006,{},1,
1743174255,1,10,wikibase/wikibase:1.39.1-wmde.11,mariadb:11.7,wbOwnIdConnection,wbeditentity-FullishItems,5000,1743174287,1743174372,85,5006,{},1,
1743174384,1,10,wikibase/wikibase:1.40.3-wmde.19,mariadb:11.7,wbOwnIdConnection,wbeditentity-FullishItems,5000,1743174417,1743174496,79,5006,{},1,
1743174511,1,10,wikibase/wikibase:1.41.1-wmde.20,mariadb:11.7,wbOwnIdConnection,wbeditentity-FullishItems,5000,1743174545,1743174625,80,5006,{},1,
1743174638,1,10,wikibase/wikibase:mw1.42.5,mariadb:11.7,wbOwnIdConnection,wbeditentity-FullishItems,5000,1743174664,1743174744,80,5006,{},1,
1743174759,1,10,wikibase/wikibase:mw1.43.0,mariadb:11.7,wbOwnIdConnection,wbeditentity-FullishItems,5000,1743174783,1743174867,84,5006,{},1,
1743174880,1,30,wikibase/wikibase:1.39.1-wmde.11,mariadb:11.7,wbOwnIdConnection,wbeditentity-FullishItems,5000,1743174912,1743174963,51,5006,{},1,
1743174975,1,30,wikibase/wikibase:1.40.3-wmde.19,mariadb:11.7,wbOwnIdConnection,wbeditentity-FullishItems,5000,1743175010,1743175056,46,5006,{},1,
1743175071,1,30,wikibase/wikibase:1.41.1-wmde.20,mariadb:11.7,wbOwnIdConnection,wbeditentity-FullishItems,5000,1743175104,1743175151,47,5006,{},1,
1743175164,1,30,wikibase/wikibase:mw1.42.5,mariadb:11.7,wbOwnIdConnection,wbeditentity-FullishItems,5000,1743175190,1743175246,56,5006,{},1,
1743175259,1,30,wikibase/wikibase:mw1.43.0,mariadb:11.7,wbOwnIdConnection,wbeditentity-FullishItems,5000,1743175286,1743175331,45,5006,{},1,
# db testing again
1743175746,1,30,wikibase/wikibase:mw1.43.0,mariadb:10.9,wbOwnIdConnection,wbeditentity-FullishItems,5000,1743175772,1743175820,48,5006,{},1,
1743175834,1,30,wikibase/wikibase:mw1.43.0,mariadb:11.7,wbOwnIdConnection,wbeditentity-FullishItems,5000,1743175858,1743175905,47,5006,{},1,
1743176049,1,30,wikibase/wikibase:mw1.43.0,mariadb:10.9,wbOwnIdConnection,wbeditentity-FullishItems,5000,1743176075,1743176120,45,5006,{},1,
1743176132,1,30,wikibase/wikibase:mw1.43.0,mariadb:11.7,wbOwnIdConnection,wbeditentity-FullishItems,5000,1743176158,1743176204,46,5006,{},1,
1743176219,1,30,wikibase/wikibase:mw1.43.0,mariadb:10.9,wbOwnIdConnection,wbeditentity-FullishItems,5000,1743176245,1743176290,45,5006,{},1,
1743176303,1,30,wikibase/wikibase:mw1.43.0,mariadb:11.7,wbOwnIdConnection,wbeditentity-FullishItems,5000,1743176329,1743176374,45,5006,{},1,
1743176389,1,30,wikibase/wikibase:mw1.43.0,mariadb:10.9,wbOwnIdConnection,wbeditentity-FullishItems,5000,1743176412,1743176460,48,5006,{},1,
1743176473,1,30,wikibase/wikibase:mw1.43.0,mariadb:11.7,wbOwnIdConnection,wbeditentity-FullishItems,5000,1743176498,1743176542,44,5006,{},1,
1743176557,1,30,wikibase/wikibase:mw1.43.0,mariadb:10.9,wbOwnIdConnection,wbeditentity-FullishItems,5000,1743176581,1743176628,47,5006,{},1,
1743176641,1,30,wikibase/wikibase:mw1.43.0,mariadb:11.7,wbOwnIdConnection,wbeditentity-FullishItems,5000,1743176667,1743176711,44,5006,{},1,
1743176724,1,30,wikibase/wikibase:mw1.43.0,mariadb:10.9,wbOwnIdConnection,wbeditentity-FullishItems,5000,1743176750,1743176795,45,5006,{},1,
1743176810,1,30,wikibase/wikibase:mw1.43.0,mariadb:11.7,wbOwnIdConnection,wbeditentity-FullishItems,5000,1743176836,1743176881,45,5006,{},1,
1743176893,1,30,wikibase/wikibase:mw1.43.0,mariadb:10.9,wbOwnIdConnection,wbeditentity-FullishItems,5000,1743176920,1743176965,45,5006,{},1,
1743176980,1,30,wikibase/wikibase:mw1.43.0,mariadb:11.7,wbOwnIdConnection,wbeditentity-FullishItems,5000,1743177003,1743177050,47,5006,{},1,
1743177063,1,30,wikibase/wikibase:mw1.43.0,mariadb:10.9,wbOwnIdConnection,wbeditentity-FullishItems,5000,1743177089,1743177134,45,5006,{},1,
1743177149,1,30,wikibase/wikibase:mw1.43.0,mariadb:11.7,wbOwnIdConnection,wbeditentity-FullishItems,5000,1743177172,1743177219,47,5006,{},1,
1743177232,1,30,wikibase/wikibase:mw1.43.0,mariadb:10.9,wbOwnIdConnection,wbeditentity-FullishItems,5000,1743177258,1743177303,45,5006,{},1,
1743177315,1,30,wikibase/wikibase:mw1.43.0,mariadb:11.7,wbOwnIdConnection,wbeditentity-FullishItems,5000,1743177342,1743177386,44,5006,{},1,
1743177401,1,30,wikibase/wikibase:mw1.43.0,mariadb:10.9,wbOwnIdConnection,wbeditentity-FullishItems,5000,1743177424,1743177471,47,5006,{},1,
1743177483,1,30,wikibase/wikibase:mw1.43.0,mariadb:11.7,wbOwnIdConnection,wbeditentity-FullishItems,5000,1743177510,1743177556,46,5006,{},1,
1743179965,1,30,wikibase/wikibase:mw1.43.0,mariadb:11.7,wbOwnIdConnectionUpsert,wbeditentity-FullishItems,5000,1743180003,1743180048,45,5006,{},1,
1743180063,1,30,wikibase/wikibase:mw1.43.0,mariadb:11.7,wbOwnIdConnectionUpsert,wbeditentity-FullishItems,5000,1743180088,1743180134,46,5006,{},1,
1743180146,1,30,wikibase/wikibase:mw1.43.0,mariadb:11.7,wbOwnIdConnectionUpsert,wbeditentity-FullishItems,5000,1743180172,1743180217,45,5006,{},1,
1743180232,1,30,wikibase/wikibase:mw1.43.0,mariadb:11.7,wbOwnIdConnectionUpsert,wbeditentity-FullishItems,5000,1743180256,1743180305,49,5006,{},1,
1743180318,1,30,wikibase/wikibase:mw1.43.0,mariadb:11.7,wbOwnIdConnectionUpsert,wbeditentity-FullishItems,5000,1743180343,1743180390,47,5006,{},1,
1743180405,1,30,wikibase/wikibase:mw1.43.0,mariadb:11.7,wbOwnIdConnectionUpsert,wbeditentity-FullishItems,5000,1743180431,1743180479,48,5006,{},1,
1743180492,1,30,wikibase/wikibase:mw1.43.0,mariadb:11.7,wbOwnIdConnectionUpsert,wbeditentity-FullishItems,5000,1743180517,1743180567,50,5006,{},1,
1743180580,1,30,wikibase/wikibase:mw1.43.0,mariadb:11.7,wbOwnIdConnectionUpsert,wbeditentity-FullishItems,5000,1743180605,1743180654,49,5006,{},1,
1743180669,1,30,wikibase/wikibase:mw1.43.0,mariadb:11.7,wbOwnIdConnectionUpsert,wbeditentity-FullishItems,5000,1743180692,1743180741,49,5006,{},1,
1743180753,1,30,wikibase/wikibase:mw1.43.0,mariadb:11.7,wbOwnIdConnectionUpsert,wbeditentity-FullishItems,5000,1743180779,1743180823,44,5006,{},1,
1743181178,1,30,wikibase/wikibase:mw1.43.0,mariadb:11.7,wbOwnIdConnection,wbeditentity-FullishItems,5000,1743181202,1743181250,48,5006,{},1,
1743181262,1,30,wikibase/wikibase:mw1.43.0,mariadb:11.7,wbOwnIdConnection,wbeditentity-FullishItems,5000,1743181288,1743181336,48,5006,{},1,
1743181350,1,30,wikibase/wikibase:mw1.43.0,mariadb:11.7,wbOwnIdConnection,wbeditentity-FullishItems,5000,1743181375,1743181423,48,5006,{},1,
1743181436,1,30,wikibase/wikibase:mw1.43.0,mariadb:11.7,wbOwnIdConnection,wbeditentity-FullishItems,5000,1743181462,1743181509,47,5006,{},1,
1743181524,1,30,wikibase/wikibase:mw1.43.0,mariadb:11.7,wbOwnIdConnection,wbeditentity-FullishItems,5000,1743181547,1743181597,50,5006,{},1,
1743181843,1,30,wikibase/wikibase:mw1.43.0,mariadb:11.7,wbOwnIdConnectionUpsert,wbeditentity-FullishItems,5000,1743181867,1743181919,52,5006,{},1,
1743181932,1,30,wikibase/wikibase:mw1.43.0,mariadb:11.7,wbOwnIdConnectionUpsert,wbeditentity-FullishItems,5000,1743181956,1743182004,48,5006,{},1,
1743182016,1,30,wikibase/wikibase:mw1.43.0,mariadb:11.7,wbOwnIdConnectionUpsert,wbeditentity-FullishItems,5000,1743182040,1743182089,49,5006,{},1,
1743182102,1,30,wikibase/wikibase:mw1.43.0,mariadb:11.7,wbOwnIdConnectionUpsert,wbeditentity-FullishItems,5000,1743182126,1743182173,47,5006,{},1,
1743182186,1,30,wikibase/wikibase:mw1.43.0,mariadb:11.7,wbOwnIdConnectionUpsert,wbeditentity-FullishItems,5000,1743182210,1743182257,47,5006,{},1,
1743182270,1,30,wikibase/wikibase:mw1.43.0,mariadb:11.7,wbOwnIdConnectionUpsert,wbeditentity-FullishItems,5000,1743182294,1743182343,49,5006,{},1,
1743182356,1,30,wikibase/wikibase:mw1.43.0,mariadb:11.7,wbOwnIdConnectionUpsert,wbeditentity-FullishItems,5000,1743182380,1743182426,46,5006,{},1,
1743182438,1,30,wikibase/wikibase:mw1.43.0,mariadb:11.7,wbOwnIdConnectionUpsert,wbeditentity-FullishItems,5000,1743182462,1743182507,45,5006,{},1,
1743182519,1,30,wikibase/wikibase:mw1.43.0,mariadb:11.7,wbOwnIdConnectionUpsert,wbeditentity-FullishItems,5000,1743182543,1743182588,45,5006,{},1,
1743182600,1,30,wikibase/wikibase:mw1.43.0,mariadb:11.7,wbOwnIdConnectionUpsert,wbeditentity-FullishItems,5000,1743182624,1743182668,44,5006,{},1,
1743182681,1,30,wikibase/wikibase:mw1.43.0,mariadb:11.7,wbOwnIdConnectionUpsert,wbeditentity-FullishItems,5000,1743182704,1743182749,45,5006,{},1,
1743182762,1,30,wikibase/wikibase:mw1.43.0,mariadb:11.7,wbOwnIdConnectionUpsert,wbeditentity-FullishItems,5000,1743182786,1743182831,45,5006,{},1,
1743182843,1,30,wikibase/wikibase:mw1.43.0,mariadb:11.7,wbOwnIdConnectionUpsert,wbeditentity-FullishItems,5000,1743182867,1743182912,45,5006,{},1,
1743182924,1,30,wikibase/wikibase:mw1.43.0,mariadb:11.7,wbOwnIdConnectionUpsert,wbeditentity-FullishItems,5000,1743182948,1743182992,44,5006,{},1,
1743183005,1,30,wikibase/wikibase:mw1.43.0,mariadb:11.7,wbOwnIdConnectionUpsert,wbeditentity-FullishItems,5000,1743183029,1743183073,44,5006,{},1,
# faster faster bacthier bacthier 5000
1743185139,1,30,wikibase/wikibase:mw1.43.0,mariadb:11.7,wbOwnIdConnectionUpsert,wbfastimport-FullishItems,5000,1743185177,1743185196,19,5006,{},25,
1743185209,1,30,wikibase/wikibase:mw1.43.0,mariadb:11.7,wbOwnIdConnectionUpsert,wbfastimport-FullishItems,5000,1743185236,1743185254,18,5006,{},50,
1743185266,1,30,wikibase/wikibase:mw1.43.0,mariadb:11.7,wbOwnIdConnectionUpsert,wbfastimport-FullishItems,5000,1743185293,1743185310,17,5006,{},100,
1743185322,1,60,wikibase/wikibase:mw1.43.0,mariadb:11.7,wbOwnIdConnectionUpsert,wbfastimport-FullishItems,5000,1743185349,1743185367,18,5006,{},25,
1743185380,1,60,wikibase/wikibase:mw1.43.0,mariadb:11.7,wbOwnIdConnectionUpsert,wbfastimport-FullishItems,5000,1743185407,1743185422,15,5006,{},50,
1743185435,1,60,wikibase/wikibase:mw1.43.0,mariadb:11.7,wbOwnIdConnectionUpsert,wbfastimport-FullishItems,5000,1743185462,1743185476,14,5006,{},100,
1743185489,2,30,wikibase/wikibase:mw1.43.0,mariadb:11.7,wbOwnIdConnectionUpsert,wbfastimport-FullishItems,5000,1743185516,1743185534,18,5006,{},25,
1743185547,2,30,wikibase/wikibase:mw1.43.0,mariadb:11.7,wbOwnIdConnectionUpsert,wbfastimport-FullishItems,5000,1743185575,1743185594,19,5006,{},50,
1743185606,2,30,wikibase/wikibase:mw1.43.0,mariadb:11.7,wbOwnIdConnectionUpsert,wbfastimport-FullishItems,5000,1743185634,1743185650,16,5006,{},100,
1743185663,2,60,wikibase/wikibase:mw1.43.0,mariadb:11.7,wbOwnIdConnectionUpsert,wbfastimport-FullishItems,5000,1743185690,1743185709,19,5006,{},25,
1743185722,2,60,wikibase/wikibase:mw1.43.0,mariadb:11.7,wbOwnIdConnectionUpsert,wbfastimport-FullishItems,5000,1743185749,1743185765,16,5006,{},50,
1743185777,2,60,wikibase/wikibase:mw1.43.0,mariadb:11.7,wbOwnIdConnectionUpsert,wbfastimport-FullishItems,5000,1743185805,1743185819,14,5006,{},100,
# faster faster aggain
1743185847,1,45,wikibase/wikibase:mw1.43.0,mariadb:11.7,wbOwnIdConnectionUpsert,wbfastimport-FullishItems,5000,1743185874,1743185891,17,5006,{},50,
1743185903,1,45,wikibase/wikibase:mw1.43.0,mariadb:11.7,wbOwnIdConnectionUpsert,wbfastimport-FullishItems,5000,1743185930,1743185944,14,5006,{},100,
1743185957,1,45,wikibase/wikibase:mw1.43.0,mariadb:11.7,wbOwnIdConnectionUpsert,wbfastimport-FullishItems,5000,1743185984,1743185996,12,5006,{},150,
1743186009,1,45,wikibase/wikibase:mw1.43.0,mariadb:11.7,wbOwnIdConnectionUpsert,wbfastimport-FullishItems,5000,1743186036,1743186050,14,5006,{},200,
1743186063,1,60,wikibase/wikibase:mw1.43.0,mariadb:11.7,wbOwnIdConnectionUpsert,wbfastimport-FullishItems,5000,1743186090,1743186105,15,5006,{},50,
1743186117,1,60,wikibase/wikibase:mw1.43.0,mariadb:11.7,wbOwnIdConnectionUpsert,wbfastimport-FullishItems,5000,1743186144,1743186158,14,5006,{},100,
1743186171,1,60,wikibase/wikibase:mw1.43.0,mariadb:11.7,wbOwnIdConnectionUpsert,wbfastimport-FullishItems,5000,1743186198,1743186210,12,5006,{},150,
1743186222,1,60,wikibase/wikibase:mw1.43.0,mariadb:11.7,wbOwnIdConnectionUpsert,wbfastimport-FullishItems,5000,1743186249,1743186263,14,5006,{},200,
1743186276,1,75,wikibase/wikibase:mw1.43.0,mariadb:11.7,wbOwnIdConnectionUpsert,wbfastimport-FullishItems,5000,1743186303,1743186317,14,5006,{},50,
1743186330,1,75,wikibase/wikibase:mw1.43.0,mariadb:11.7,wbOwnIdConnectionUpsert,wbfastimport-FullishItems,5000,1743186357,1743186371,14,5006,{},100,
1743186384,1,75,wikibase/wikibase:mw1.43.0,mariadb:11.7,wbOwnIdConnectionUpsert,wbfastimport-FullishItems,5000,1743186411,1743186422,11,5006,{},150,
1743186435,1,75,wikibase/wikibase:mw1.43.0,mariadb:11.7,wbOwnIdConnectionUpsert,wbfastimport-FullishItems,5000,1743186462,1743186475,13,5006,{},200,
1743186487,1,90,wikibase/wikibase:mw1.43.0,mariadb:11.7,wbOwnIdConnectionUpsert,wbfastimport-FullishItems,5000,1743186514,1743186529,15,5006,{},50,
1743186541,1,90,wikibase/wikibase:mw1.43.0,mariadb:11.7,wbOwnIdConnectionUpsert,wbfastimport-FullishItems,5000,1743186568,1743186582,14,5006,{},100,
1743186595,1,90,wikibase/wikibase:mw1.43.0,mariadb:11.7,wbOwnIdConnectionUpsert,wbfastimport-FullishItems,5000,1743186622,1743186636,14,5006,{},150,
1743186649,1,90,wikibase/wikibase:mw1.43.0,mariadb:11.7,wbOwnIdConnectionUpsert,wbfastimport-FullishItems,5000,1743186676,1743186690,14,5006,{},200,
# making 25k...
1743187165,1,20,wikibase/wikibase:mw1.43.0,mariadb:11.7,wbOwnIdConnectionUpsert,wbfastimport-FullishItems,25000,1743187204,1743187330,126,25006,{},200,
1743187769,1,25,wikibase/wikibase:mw1.43.0,mariadb:11.7,wbOwnIdConnectionUpsert,wbfastimport-FullishItems,25000,1743187792,1743187906,114,25006,{},200,
1743187941,1,60,wikibase/wikibase:mw1.43.0,mariadb:11.7,wbOwnIdConnectionUpsert,wbfastimport-FullishItems,25000,1743187964,1743188040,76,25006,{},200,
1743188060,1,90,wikibase/wikibase:mw1.43.0,mariadb:11.7,wbOwnIdConnectionUpsert,wbfastimport-FullishItems,25000,1743188085,1743188158,73,25006,{},200,
1743188174,1,120,wikibase/wikibase:mw1.43.0,mariadb:11.7,wbOwnIdConnectionUpsert,wbfastimport-FullishItems,25000,1743188198,1743188262,64,25005,{},200,
1743188285,1,150,wikibase/wikibase:mw1.43.0,mariadb:11.7,wbOwnIdConnectionUpsert,wbfastimport-FullishItems,25000,1743188309,1743188376,67,25006,{},200,
1743188390,1,150,wikibase/wikibase:mw1.43.0,mariadb:11.7,wbOwnIdConnectionUpsert,wbfastimport-FullishItems,25000,1743188413,1743188473,60,25006,{},250,
# making 35k...
1743188506,1,150,wikibase/wikibase:mw1.43.0,mariadb:11.7,wbOwnIdConnectionUpsert,wbfastimport-FullishItems,35000,1743188530,1743188609,79,35005,{},250,
1743188850,1,200,wikibase/wikibase:mw1.43.0,mariadb:11.7,wbOwnIdConnectionUpsert,wbfastimport-FullishItems,35000,1743188874,1743188960,86,35006,{},250,
1743188977,1,150,wikibase/wikibase:mw1.43.0,mariadb:11.7,wbOwnIdConnectionUpsert,wbfastimport-FullishItems,35000,1743189001,1743189087,86,35006,{},250,
# Ramping up?! to a mill?
1743189637,1,150,wikibase/wikibase:mw1.43.0,mariadb:11.7,wbOwnIdConnectionUpsert,wbfastimport-FullishItems,5000,1743189660,1743189672,12,5006,{},250,
1743189684,1,150,wikibase/wikibase:mw1.43.0,mariadb:11.7,wbOwnIdConnectionUpsert,wbfastimport-FullishItems,10000,1743189708,1743189731,23,10006,{},250,
1743189742,1,150,wikibase/wikibase:mw1.43.0,mariadb:11.7,wbOwnIdConnectionUpsert,wbfastimport-FullishItems,25000,1743189766,1743189822,56,25006,{},250,
1743189835,1,150,wikibase/wikibase:mw1.43.0,mariadb:11.7,wbOwnIdConnectionUpsert,wbfastimport-FullishItems,50000,1743189858,1743190131,273,50006,{},250,
1743190143,1,150,wikibase/wikibase:mw1.43.0,mariadb:11.7,wbOwnIdConnectionUpsert,wbfastimport-FullishItems,100000,1743190167,1743190752,585,100006,{},250,
1743190765,1,150,wikibase/wikibase:mw1.43.0,mariadb:11.7,wbOwnIdConnectionUpsert,wbfastimport-FullishItems,250000,1743190789,1743192305,1516,250006,{},250,
1743192321,1,150,wikibase/wikibase:mw1.43.0,mariadb:11.7,wbOwnIdConnectionUpsert,wbfastimport-FullishItems,500000,1743192345,1743195627,3282,500006,{},250,
# Ramping up?! to a mill again...
1743202429,1,30,wikibase/wikibase:mw1.43.0,mariadb:11.7,wbOwnIdConnectionUpsert,wbfastimport-FullishItems,100000,1743202453,1743203025,572,100006,{},250,
1743203038,1,30,wikibase/wikibase:mw1.43.0,mariadb:11.7,wbOwnIdConnectionUpsert,wbfastimport-FullishItems,500000,1743203062,1743206131,3069,500006,{},250,
1743206144,1,30,wikibase/wikibase:mw1.43.0,mariadb:11.7,wbOwnIdConnectionUpsert,wbfastimport-FullishItems,1000000,1743206168,1743212558,6390,1000006,{},250,
1743212580,1,30,wikibase/wikibase:mw1.43.0,mariadb:11.7,wbOwnIdConnectionUpsert,wbfastimport-FullishItems,2000000,1743212605,1743225953,13348,2000006,{},250,
1743236095,1,16,wikibase/wikibase:mw1.43.0,mariadb:11.7,wbOwnIdConnectionUpsert,wbfastimport-FullishItems,500000,1743236121,1743239538,3417,500006,{},250,
